Seller_ID,Seller_Name
1000000,Daraz Retail Seller
142,AirLink Communication (Lahore)
24556,Bin Saeed Communication (Khanewal)
9045,Mobile Specialist (Karachi)
8896,Green Tech (Hyderabad)
20751,Ali Communication (Khanewal)
1000333,ALSAEED COMMUNICATION KHANEWAL
13640,Shop-Tech (Karachi)
10983,Kashif Electronics (Karachi)
9088,Pak Mobiles (Islamabad)
14296,MY Trading (Karachi)
1008829,AHM Mobiles
1018693,Mercato trading
19960,Choice Forever (Larkana)
1075858,Qureshi.Mobile
1008944,KE traders
1096030,AHM Mobile
15726,Fast mobile (Sargodha)
1052669,CellKo
1001829,DYNAMIC STORE
24150,Cell Hub (Islamabad)
1002360,CheapChina
1072971,Siccotel
1017455,Heaven Official
1066509,OneStop.Mobiles
1009004,OneStop Mobile
1138003,Jeddah communication.
1127108,Connected All
1014441,AL Rehman
18667,AR Mobiles (Multan)
13362,Amaze (Lahore)
1060151,Vivo Electric Pvt. Ltd.
1033458,SHANI MOBILE LODHRAN
1091550,MEHRIA MOBILES LODHRAN
1092362,IRFAN MOBILES
1119309,Apple Airlink Lahore
1039021,AL Wahid (Karachi)
1115909,Fashion Market
1096149,Royal mobile and accessories
50,QMobile (Karachi)
14675,Khawaja Mobile shop (Multan)
1110290,Airlinktecno
20571,Heaven Technologies (Lahore)
18730,American Glasses (Rawalpindi)
15449,Smart Tech Mobiles (Jhelum)
2459,Haier Pakistan Pvt. Ltd (Lahore)
4542,Famous Electronics (Karachi)
1095374,Q&Q Traders
1109929,AL Ghani Electronics
1111102,G.M International
11976,Electronics Cornor (Lahore)
8801,Ocean Electronics
1111118,S.M International
1047722,Kaizar Electronics
1000729,Hisense Pakistan
14948,Sarwar electronics (Karachi)
1111126,S.S International
1109466,Toshiba Pakistan
2046,SSS Traders (Karachi)
1084053,Fifty3 Computers
1053374,Creative Solution (Dubai)
1011,TCL Pakistan
1019893,AAA Electronics
1080419,AJQ Enterprises
3091,Noman Traders (Karachi)
2768,AB Electronics
1014755,Orient Electronics Pvt LTD
13500,Sony Center (Karachi)
1017576,SONY INOVI
1058706,M Anas
10652,Arain Shop (Lahore)
23900,Select and Collect (Lahore)
1011454,Health Care Foods Suppliment
1486,Igemnic (Karachi)
7507,Moment of desirable (Karachi)
1034036,Ghousia store
1013560,Brand Collection
1099512,Ghousia Collection
1021156,Ghousi traders
1151188,shop scope
1130795,Checkout
12845,Marjan Electronic (Karachi)
1057036,BELT COLLECTION
21360,Just Stuff (Lahore)
1112050,Freebee
1023989,Union Mall - FORTUNE PEOPLE LIMITED
1113695,Afzal Sons
1129738,ABC Mobile
1100619,Tech Mart Multan
575,Pak Accessories (Lahore)
25663,Extremedeals - FORTUNE PEOPLE LIMITED
1004762,Mango-PK - Hong Kong Yi Hui Limited
15963,Z A Electronic (Karachi)
1033620,Sialvi Computers
1070399,Mahar Traders
1029629,Qadari Collection
1114782,WOW Mall
1036061,Worth-It
1101847,My Lifestyle
1003677,shop for you
17509,Only original (Wazirabad)
1334,Sadeeq Traders (Multan)
1025659,PouchHouse.com
10226,Noshad Communication (Kasur)
1026320,Toy World
1072128,All in one Electorincs
1015244,The Gadgets Shop
1064461,B-Store
24851,Interlink Communications (Lahore)
1031000,Hassan Collection Center
1056440,Sohail Traders Pk
24830,Rt Store (Lahore)
1134919,Deal with us
1106749,Smart Collextion
1006682,iqbal cloth
4599,Singapore Mobile Accessoires (Rawalpindi)
1069377,Bukhari Electronics
1044367,k mobile
1105547,AM Mobile Care
1043635,alrayan seller
1027238,HOME R US
1074639,Saver Hub
1134482,BR Accessories Spot
1130497,Max Communication
1108033,SMK ENGINEERS
17394,Y and N collection (Rawalpindi)
1047951,Dream e-Sop
1150459,Inaam Mehdi
1018949,Hamza mob&accessories
1067899,FIVE STARS TRADERS
1123838,Eshop Trader
1139377,Wb Mobile Mart
1120252,Zaid Bin
1121160,Shop Key
1136301,S-Store
1055,Digital Electronics (Karachi)
1043747,Friends Tins
1029302,SHOP GEAR
1145259,Ultra Tech Hub
1087888,LigerZ
11601,Bolt Accessories (Multan)
1131588,Tahir Technical
1070661,Usama Electric
13374,The Fashion Hub (Lahore)
1002314,trendy store
20013,HNS (Karachi)
1113381,asoky
4277,Sooperdotpk (Rawalpindi)
11698,Bee Electronics (Lahore)
1104701,Fantastiqo
1112402,Radicals
1145858,ITxPress
1049251,M.I shop
1130855,NxT Stuff
1109294,Qasim Gondal
18633,Euro Traders (Lahore)
1032605,AHMAD SHAHZAD MOBILE CENTER
1132029,Urban Connect Rwp
20530,SK Enterprises (Lahore)
1088975,Dukan.pk2
1001606,S&N Traders
1128028,Brand Super Deals Electronics
1076938,Hammad Brothers
1045594,Eagle Tech Store
1048250,Al Medina Store
1107946,ZM( Zain Mart )
13549,Al Makkah traders (Rawalpindi)
7323,HR Traders (Lahore)
